Ngày,Mở cửa,Đóng cửa,Cao nhất,Thấp nhất,+/- giá,Khớp lệnh
17/12/2021,82400,84500,86000,82400,2200,25185800
16/12/2021,82800,82300,82800,81700,-300,3290500
15/12/2021,82200,82600,82900,81600,500,3589800
14/12/2021,82500,82100,83000,81900,,3082100
13/12/2021,81000,82100,83500,80900,1200,6503000
10/12/2021,81300,80900,81600,80600,-700,4327100
9/12/2021,81100,81600,81800,80600,600,2766400
8/12/2021,81700,81000,81800,80900,-600,3810100
7/12/2021,80600,81600,81800,80200,1900,4522700
6/12/2021,80900,79700,81100,79400,-500,6641800
3/12/2021,82600,80200,83100,80200,-2100,5699400
2/12/2021,83200,82300,83400,82300,-600,4813200
1/12/2021,84200,82900,84500,82800,-1700,6787500
30/11/2021,85500,84600,85500,83000,-200,8501600
29/11/2021,81600,84800,84800,81600,1500,11265700
26/11/2021,83900,83300,84900,83200,-600,8576100
25/11/2021,84300,83900,85000,83500,200,8611000
24/11/2021,82700,83700,83700,81800,1200,7322400
23/11/2021,81000,82500,82500,80700,1500,3583700
22/11/2021,81200,81000,81500,79700,500,6326700
19/11/2021,82900,80500,83100,80000,-2300,7517600
18/11/2021,83500,82800,83900,82400,-700,6316700
17/11/2021,83000,83500,84000,82800,500,5259600
16/11/2021,84000,83000,84300,82700,-1000,6114200
15/11/2021,82500,84000,84400,82100,2000,9673200
12/11/2021,81600,82000,82000,80800,500,5317400
11/11/2021,82700,81500,82800,81400,-1100,9431300
10/11/2021,83400,82600,83500,82600,-400,4154800
9/11/2021,82500,83000,84500,82000,600,8139200
8/11/2021,82500,82400,83000,81500,400,8203200
5/11/2021,82200,82000,82800,81600,-700,8244100
4/11/2021,82500,82700,83500,81800,-200,8241100
3/11/2021,85100,82900,85500,82600,-2100,11230500
2/11/2021,84400,85000,85200,84300,700,5784000
1/11/2021,86000,84300,86900,84000,-1200,9723600
29/10/2021,81200,85500,85500,81200,4500,15578000
28/10/2021,81300,81000,81500,80500,,5310000
27/10/2021,78900,81000,81200,78900,2300,8780700
26/10/2021,78900,78700,79300,78500,200,2940100
25/10/2021,78600,78500,79700,78200,500,6781600
22/10/2021,78200,78000,78900,78000,100,4153100
21/10/2021,78800,77900,78900,77900,-900,5861900
20/10/2021,79600,78800,79600,78200,-600,5507700
19/10/2021,78900,79400,79800,78500,500,5568400
18/10/2021,78800,78900,79500,78500,200,4542000
15/10/2021,78900,78700,79500,78100,-200,5269100
14/10/2021,80000,78900,80000,78800,-1100,8587800
13/10/2021,81000,80000,81000,79900,-900,5259700
12/10/2021,81000,80900,81600,80400,-100,8096900
11/10/2021,79900,81000,81000,79500,1100,5384000
8/10/2021,79800,79900,80800,79700,-100,3466200
7/10/2021,80600,80000,80800,79700,-500,2556200
6/10/2021,79700,80500,80500,79600,1100,4488000
5/10/2021,77800,79400,79600,77500,1400,4573100
4/10/2021,77000,78000,78200,76200,1000,4104600
1/10/2021,78300,77000,78300,77000,-1300,4115400
30/09/2021,78500,78300,79400,78200,100,3151100
29/09/2021,78500,78200,78900,77700,-300,2992100
28/09/2021,77500,78500,79400,77400,300,5298500
27/09/2021,79600,78200,79600,78200,-1400,5151700
24/09/2021,79300,79600,80300,78700,300,4577300
23/09/2021,78100,79300,79500,78000,1300,4687300
22/09/2021,78000,78000,78200,76000,500,8759600
21/09/2021,78500,77500,79800,76100,-2400,13434500
20/09/2021,80800,79900,81100,79900,-1300,5456900
17/09/2021,80100,81200,81500,79600,1100,6873600
16/09/2021,82000,80100,82500,80000,-1800,7925100
15/09/2021,82300,81900,83500,80700,700,9287400
14/09/2021,107000,107000,108400,106700,,10966200
13/09/2021,108000,107000,108100,106800,-500,9821600
10/9/2021,108000,107500,108900,107500,-200,15193100
9/9/2021,107500,107700,108900,107100,-200,9925000
8/9/2021,109700,107900,110000,107700,-1700,9311500
7/9/2021,109000,109600,111000,108500,1200,11598900
6/9/2021,107900,108400,108900,106800,1400,13077500
1/9/2021,108400,107000,109200,106600,600,21977200
31/08/2021,107000,106400,107100,106200,-500,10567000
30/08/2021,107100,106900,107700,106600,,8782700
27/08/2021,106000,106900,106900,105000,300,9953900
26/08/2021,107000,106600,107400,105000,-400,13182400
25/08/2021,107500,107000,107900,106800,-300,16184100
24/08/2021,107500,107300,108100,106500,100,20691400
23/08/2021,107500,107200,109000,107200,-900,15955500
20/08/2021,111000,108100,111000,107800,-2900,20500700
19/08/2021,110000,111000,111400,109000,1000,18153200
18/08/2021,110000,110000,113500,107900,-1000,23516400
17/08/2021,115000,111000,115500,110500,-5000,19975200
16/08/2021,121900,116000,121900,114600,-4000,18686700
13/08/2021,118000,120000,120700,117200,3000,10159600
12/8/2021,115800,117000,117300,115200,1000,5228900
11/8/2021,117000,116000,117700,115400,-1000,8250600
10/8/2021,118500,117000,119100,117000,-400,7700400
9/8/2021,113900,117400,117400,113500,3500,6329000
6/8/2021,112000,113900,114500,111800,2200,11226500
5/8/2021,110400,111700,111700,109900,1200,5258200
4/8/2021,111500,110500,112000,109500,-400,4121600
3/8/2021,107800,110900,112200,107800,2800,9951300
2/8/2021,108000,108100,108400,107100,-200,4807700
30/07/2021,108000,108300,108800,107000,400,4731600
29/07/2021,109000,107900,109300,106500,1400,3954600
28/07/2021,107100,106500,107700,105600,-1300,4909500
27/07/2021,110700,107800,110800,107600,-1800,5342500
26/07/2021,107500,109600,110600,107200,2000,2753500
23/07/2021,110000,107600,111500,107600,-3400,2635200
22/07/2021,108000,111000,111000,107000,3000,3402500
21/07/2021,107500,108000,108800,106600,1400,3042000
20/07/2021,105600,106600,106600,103000,2300,4045600
19/07/2021,106900,104300,107700,103300,-4700,3189800
16/07/2021,110300,109000,110500,108700,-1300,2119200
15/07/2021,108500,110300,110600,108500,800,4555800
14/07/2021,109700,109500,112200,107800,,3325300
13/07/2021,109900,109500,109900,106000,1500,2562500
12/7/2021,112000,108000,112000,104700,-4500,8065200
9/7/2021,113700,112500,115900,111500,-2500,3902100
8/7/2021,115500,115000,116700,113800,-2000,4664700
7/7/2021,111000,117000,117000,109500,6700,7071300
6/7/2021,118100,110300,119100,110300,-8200,2814500
5/7/2021,119000,118500,119000,115200,500,4553400
2/7/2021,117200,118000,119200,116500,800,3152400
1/7/2021,117100,117200,118500,116800,-800,3700200
30/06/2021,119000,118000,120400,117300,-600,5135400
29/06/2021,116000,118600,119400,115800,3100,5907600
28/06/2021,113000,115500,115500,112400,3400,7156600
25/06/2021,112900,112100,113500,111600,,2846300
24/06/2021,110900,112100,115000,110000,800,3936900
23/06/2021,112000,111300,112000,108900,-200,3874800
22/06/2021,111900,111500,112300,111500,-500,2497800
21/06/2021,111900,112000,113000,111000,-500,3350800
18/06/2021,110000,112500,116000,108800,3500,4789800
17/06/2021,108500,109000,110000,108100,-1000,3866300
16/06/2021,112000,110000,113000,109100,-2600,4021200
15/06/2021,112000,112600,113100,111100,2700,5394500
14/06/2021,107100,109900,110900,107100,3900,7532600
11/6/2021,104000,106000,106400,103800,1900,3884300
10/6/2021,105500,104100,107000,104000,-2000,3369400
9/6/2021,106000,106100,106800,104500,800,3322600
8/6/2021,106700,105300,109500,105000,-700,7252600
7/6/2021,104500,106000,106800,104500,1500,4249400
4/6/2021,107000,104500,107300,103800,-900,3635200
3/6/2021,104600,105400,106000,104600,1000,5044900
2/6/2021,103500,104400,105500,103000,400,2664100
1/6/2021,102000,104000,105700,101300,1400,3869100
31/05/2021,104500,102600,104500,101100,-2000,5075900
28/05/2021,105000,104600,105500,103200,200,3237700
27/05/2021,106000,104400,107500,98700,-1300,4530700
26/05/2021,104600,105700,107200,103800,1100,4679100
25/05/2021,105200,104600,105900,104200,-1400,2865100
24/05/2021,104800,106000,107000,104000,2100,5182000
21/05/2021,101500,103900,104200,100500,1900,6075800
20/05/2021,100400,102000,102000,99200,1600,3923100
19/05/2021,99000,100400,100700,98500,1500,2871000
18/05/2021,101600,98900,102000,98900,-1900,3455700
17/05/2021,99500,100800,103500,99300,3600,5913000
14/05/2021,97000,97200,98500,96900,200,2990500
13/05/2021,97200,97000,98300,96900,-700,2560600
12/5/2021,97500,97700,98300,96800,-300,3510300
11/5/2021,99900,98000,99900,98000,-1100,3142600
10/5/2021,96100,99100,99800,96100,2000,3933700
7/5/2021,98500,97100,99500,97000,-1600,5114200
6/5/2021,99600,98700,101000,98700,-900,2793600
5/5/2021,99200,99600,101200,99200,400,2850600
4/5/2021,98000,99200,99500,96100,-100,4388500
29/04/2021,101400,99300,101500,99000,-1600,5374300
28/04/2021,100000,100900,102900,100000,900,5756900
27/04/2021,99600,100000,101100,98200,400,3979800
26/04/2021,105000,99600,105000,99600,-5400,8982600
23/04/2021,103600,105000,105000,102000,1900,8823200
22/04/2021,109000,103100,112400,103100,-5500,6647900
20/04/2021,107300,108600,111800,106600,4100,15266000
19/04/2021,103000,104500,104500,101300,3500,9104900
16/04/2021,101200,101000,104500,98000,-200,6593100
15/04/2021,101800,101200,104500,100700,700,7972300
14/04/2021,98500,100500,100500,97900,-2000,8169000
13/04/2021,102900,102500,105000,101800,700,4016800
12/4/2021,99500,101800,102000,99300,2900,3269900
9/4/2021,99200,98900,99200,98000,-800,2111100
8/4/2021,100500,99700,100500,99700,-800,1584900
7/4/2021,100700,100500,101400,99500,-1200,2485300
6/4/2021,101700,101700,103000,101300,,2102600
5/4/2021,105000,101700,105000,101000,1000,2653200
2/4/2021,100000,100700,101800,99700,1700,2203200
1/4/2021,97500,99000,99500,97100,1700,2578700
31/03/2021,96500,97300,98400,96500,1000,1897500
30/03/2021,96200,96300,97900,95900,100,2901300
29/03/2021,96000,96200,96500,95100,500,1446000
26/03/2021,96500,95700,96700,94100,-1000,2265800
25/03/2021,97200,96700,97700,95000,-500,2404000
24/03/2021,97600,97200,98000,96000,-1500,2103300
23/03/2021,98600,98700,99200,98000,-600,1319900
22/03/2021,98700,99300,99500,98000,1500,1576700
19/03/2021,99000,97800,99300,97800,-1900,2747200
18/03/2021,99500,99700,99900,98000,400,1374800
17/03/2021,98800,99300,99700,98100,-200,2007400
16/03/2021,99600,99500,99800,98100,-300,1317500
15/03/2021,99900,99800,100000,98500,-100,2288400
12/3/2021,100000,99900,101200,99300,-100,1733400
11/3/2021,101000,100000,101400,98900,100,1726900
10/3/2021,99500,99900,100300,98000,1700,2406700
9/3/2021,97000,98200,99300,95200,1000,2196300
8/3/2021,99700,97200,99800,96800,-1200,3046500
5/3/2021,98400,98400,99500,98000,-1600,2865300
4/3/2021,101900,100000,102000,98000,-1500,2714300
3/3/2021,102500,101500,102500,101300,-1300,2148400
2/3/2021,104000,102800,104500,101700,-200,2460000
1/3/2021,102000,103000,103400,101900,1400,2302000
26/02/2021,101300,101600,102800,100400,-1200,2385600
25/02/2021,103000,102800,103600,101500,,2300900
24/02/2021,106000,102800,106000,101000,-2500,3720700
23/02/2021,105800,105300,106400,104000,-500,2039100
22/02/2021,103600,105800,106200,103600,2700,4390500
19/02/2021,102000,103100,103400,101300,-100,1911800
18/02/2021,101000,103200,103200,100000,2200,4499400
17/02/2021,98000,101000,101200,97000,4200,3701700
9/2/2021,95900,96800,97300,93900,2100,2668600
8/2/2021,99300,94700,99400,92500,-4600,4803100
5/2/2021,98900,99300,99600,98300,900,2245800
4/2/2021,97200,98400,98900,95200,1200,2498900
3/2/2021,94500,97200,98900,94500,2800,3365900
2/2/2021,89000,94400,94400,88000,6100,2756900
1/2/2021,93600,88300,95000,88300,-5200,2634200
29/01/2021,84000,93500,93500,84000,6100,5469400
28/01/2021,87500,87400,89700,87400,-6500,3197600
27/01/2021,96000,93900,98200,91500,-4100,3312000
26/01/2021,99600,98000,99700,95000,-1500,2105700
25/01/2021,99500,99500,100100,98600,200,2142000
22/01/2021,99400,99300,101000,98900,300,2262800
21/01/2021,98000,99000,99400,97800,1500,3018300
20/01/2021,97000,97500,103000,94500,700,3457300
19/01/2021,100000,96800,100700,94000,-4200,3552500
18/01/2021,102000,101000,102800,99600,-600,2291200
15/01/2021,100700,101600,101600,99400,2000,2078100
14/01/2021,100900,99600,101200,98600,-1300,3274800
13/01/2021,104000,100900,104100,99600,-2500,2972500
12/1/2021,104800,103400,104900,103100,300,2862600
11/1/2021,98000,103100,103100,97600,6700,4512700
8/1/2021,95500,96400,96800,95300,1600,2187200
7/1/2021,94800,94800,95100,93400,,2926400
6/1/2021,96600,94800,96600,94200,-800,2838200
5/1/2021,91800,95600,96000,91500,3600,2853200
4/1/2021,91000,92000,92900,89900,2500,3077500
31/12/2020,91200,89500,91400,89500,-700,1272810
30/12/2020,90600,90200,92000,90000,-100,2027680
29/12/2020,87700,90300,90500,87100,2600,3451160
28/12/2020,88500,87700,88600,86700,100,1905670
25/12/2020,86200,87600,87600,85600,1300,1584940
24/12/2020,88000,86300,88100,84500,-1100,2687430
23/12/2020,87400,87400,89000,86800,500,3220800
22/12/2020,87200,86900,87900,86400,-200,2163130
21/12/2020,85600,87100,87300,85600,1800,3322250
18/12/2020,84700,85300,86000,84600,600,3038890
17/12/2020,86000,84700,86000,84500,-1500,4870320
16/12/2020,86000,86200,86600,85500,200,1812470
15/12/2020,86500,86000,88100,85000,-1000,4050090
14/12/2020,85400,87000,87000,85000,2000,2974170
11/12/2020,83600,85000,85000,83400,1400,2406180
10/12/2020,85400,83600,85700,83600,-1400,2406160
9/12/2020,84500,85000,85300,84200,600,2136700
8/12/2020,84900,84400,85700,84300,-300,1532530
7/12/2020,84500,84700,85100,83800,-200,1479390
4/12/2020,85000,84900,85200,84100,,2190950
3/12/2020,85600,84900,85600,84500,-300,1673260
2/12/2020,83200,85200,85800,83200,1900,4703540
1/12/2020,81500,83300,83300,81500,700,2597660
30/11/2020,83500,82600,84300,82200,-400,3533370
27/11/2020,82700,83000,83500,82100,300,2024240
26/11/2020,82900,82700,83200,82100,-800,2313600
25/11/2020,84000,83500,85700,83400,-300,3544000
24/11/2020,81000,83800,83800,80600,3200,5458900
23/11/2020,79400,80600,80900,79300,2100,5107110
20/11/2020,78000,78500,78800,77600,1000,2692820
19/11/2020,77500,77500,78200,77200,200,2451380
18/11/2020,78200,77300,78200,77300,-1000,2008090
17/11/2020,77000,78300,78300,76700,1700,2250180
16/11/2020,78600,76600,79200,76000,-1700,4096110
13/11/2020,77200,78300,78500,77200,1100,2425260
12/11/2020,76600,77200,77500,76600,600,1464300
11/11/2020,77900,76600,78100,76600,-800,2717770
10/11/2020,78700,77400,79000,77400,-600,3627750
9/11/2020,76000,78000,78000,76000,2300,3746870
6/11/2020,75700,75700,76000,75600,,1695290
5/11/2020,76000,75700,76900,75700,-200,1779570
4/11/2020,76000,75900,76500,75700,100,1825770
3/11/2020,76200,75800,76200,75500,-100,2067320
2/11/2020,76000,75900,76300,75400,-100,1162890
30/10/2020,77000,76000,77000,74900,-200,3013800
29/10/2020,75500,76200,76700,75400,600,2088330
28/10/2020,77200,75600,77700,75600,-2000,3139990
27/10/2020,79000,77600,79200,77600,-900,2422480
26/10/2020,80500,78500,81100,78500,-1000,3668950
23/10/2020,78000,79500,79900,77800,2000,5830890
22/10/2020,76500,77500,77500,76200,1100,1591870
21/10/2020,76400,76400,77700,76200,200,1862630
20/10/2020,76100,76200,76600,75800,100,2257630
19/10/2020,76800,76100,77000,76000,-900,2467450
16/10/2020,77900,77000,77900,76900,-500,1811510
15/10/2020,78700,77500,79100,77500,-1000,2689830
14/10/2020,78400,78500,78900,78100,400,2030870
13/10/2020,77900,78100,78600,77600,600,1233860
12/10/2020,77200,77500,79200,77000,500,4265300
9/10/2020,76600,77000,77400,76500,400,1456580
8/10/2020,77000,76600,77200,76300,-200,1043430
7/10/2020,76100,76800,77400,76100,700,2596060
6/10/2020,76000,76100,76800,76000,100,1505510
5/10/2020,76000,76000,76900,75900,100,1080840
2/10/2020,77000,75900,77400,75000,-1200,1730820
1/10/2020,76300,77100,77200,76100,1600,1359510
30/09/2020,75300,75500,76400,75100,200,1677150
29/09/2020,76700,75300,76900,75100,-1300,3772160
28/09/2020,77300,76600,77800,76600,-500,2015680
25/09/2020,77100,77100,77900,77000,,919900
24/09/2020,77500,77100,78400,77100,-400,1704250
23/09/2020,77000,77500,77900,76900,700,1398940
22/09/2020,77100,76800,77200,76500,-300,1612500
21/09/2020,77100,77100,77600,77100,200,1677550
18/09/2020,77000,76900,77200,76700,200,1791160
17/09/2020,77200,76700,77400,76600,-500,1809830
16/09/2020,76600,77200,77700,76600,400,1379550
15/09/2020,77900,76800,77900,76500,-700,4717630
14/09/2020,77700,77500,78300,77500,-200,1824670
11/9/2020,78100,77700,78200,77500,-400,2344930
10/9/2020,79000,78100,80600,77800,-500,4229990
9/9/2020,78000,78600,78600,77500,100,1956880
8/9/2020,79200,78500,79600,78200,-600,1816120
7/9/2020,80300,79100,81200,79000,-900,2013250
4/9/2020,79200,80000,80300,78800,400,2171010
3/9/2020,79100,79600,80600,78700,900,2913590
1/9/2020,78300,78700,78900,77500,200,1565620
31/08/2020,78500,78500,79200,78200,-100,1682380
28/08/2020,79000,78600,79100,78300,100,1742840
27/08/2020,79400,78500,79500,78200,-1000,2357000
26/08/2020,79600,79500,80300,79300,-100,2249680
25/08/2020,80000,79600,80500,79600,-400,1907340
24/08/2020,80000,80000,80600,79700,500,1475240
21/08/2020,80000,79500,80100,79500,-500,1074330
20/08/2020,80000,80000,82200,79800,,2428430
19/08/2020,79500,80000,80900,78900,400,1155260
18/08/2020,79700,79600,79700,78600,-100,1425980
17/08/2020,79000,79700,79900,78400,,1107050
14/08/2020,78900,79700,80900,78900,300,1189750
13/08/2020,79500,79400,79700,78700,,2025090
12/8/2020,79600,79400,79600,78400,,1497320
11/8/2020,79900,79400,79900,78600,-200,905140
10/8/2020,79800,79600,80000,78900,,1688770
7/8/2020,79700,79600,80000,78600,,1199110
6/8/2020,79000,79600,79900,78600,,1072220
5/8/2020,79000,79600,79700,77800,600,1303680
4/8/2020,79500,79000,79500,77800,500,1382760
3/8/2020,77000,78500,78800,76800,800,1482350
31/07/2020,74600,77700,77900,74600,1100,2417730
30/07/2020,74000,76600,77200,74000,2600,1637120
29/07/2020,75300,74000,75300,72600,-1800,1809000
28/07/2020,71200,75800,75800,71200,4900,2561800
27/07/2020,72000,70900,74500,70900,-5100,2662390
24/07/2020,78000,76000,78800,74500,-2800,2649390
23/07/2020,77500,78800,78800,77500,1300,882880
22/07/2020,78800,77500,79500,77000,-1300,1707150
21/07/2020,79300,78800,79500,77500,-400,2108040
20/07/2020,80500,79200,81100,79000,-1300,1361250
17/07/2020,81500,80500,81500,80400,-1000,835720
16/07/2020,81100,81500,81500,80300,400,922350
15/07/2020,81300,81100,83000,80800,600,2351560
14/07/2020,78800,80500,81000,78500,1400,1461550
13/07/2020,80100,79100,80100,79100,-300,988800
10/7/2020,80500,79400,80700,79000,-1400,1706520
9/7/2020,80800,80800,81700,80300,400,1220730
8/7/2020,80300,80400,81000,79800,-400,800360
7/7/2020,81000,80800,81900,80500,,1414070
6/7/2020,78300,80800,81500,77400,3000,4330280
3/7/2020,77000,77800,77800,76900,900,1382270
2/7/2020,77000,76900,77400,76400,,893400
1/7/2020,75300,76900,77000,75300,1400,936450
30/06/2020,75000,75500,77000,74300,1500,2302620
29/06/2020,75000,74000,75000,73200,-1600,1068990
26/06/2020,76000,75600,76600,75000,100,753970
25/06/2020,74800,75500,75900,74300,-200,1241690
24/06/2020,77700,75700,78600,75500,-2000,2004540
23/06/2020,78700,77700,78700,76100,-600,2146280
22/06/2020,77300,78300,78400,76900,1800,2797780
19/06/2020,76100,76500,77200,76100,,1688070
18/06/2020,75600,76500,76700,75400,500,1636400
17/06/2020,76300,76000,77600,75000,1100,2173040
16/06/2020,72800,74900,74900,72100,4900,3077090
15/06/2020,75600,70000,75700,70000,-5000,3356780
12/6/2020,73500,75000,75600,73500,-1500,3152190
11/6/2020,77500,76500,78600,76500,-1000,5714800
10/6/2020,77600,77500,77800,76900,-100,3218980
9/6/2020,78000,77600,78700,77400,-200,2837400
8/6/2020,78000,77800,78700,77500,500,2663380
5/6/2020,77100,77300,77900,76600,-200,2191420
4/6/2020,78000,77500,78700,77000,-400,3127800
3/6/2020,78000,77900,78300,77400,100,2655470
2/6/2020,79100,77800,79200,77700,-1300,2635920
1/6/2020,77400,79100,79500,77300,2500,3254070
29/05/2020,75600,76600,77100,75500,1600,3942120
28/05/2020,74900,75000,76000,74400,300,4347270
27/05/2020,76500,74700,77600,74600,-1700,3769070
26/05/2020,77500,76400,77900,76400,-400,2996560
25/05/2020,76400,76800,78500,74800,300,4664450
22/05/2020,77000,76500,77400,75600,-1500,2154460
21/05/2020,77500,78000,78500,76800,900,2266430
20/05/2020,72900,77100,77100,72800,3900,4298310
19/05/2020,73000,73200,74700,72300,1300,3688710
18/05/2020,71300,71900,72600,70900,300,1656080
15/05/2020,71000,71600,72000,70500,1000,1556450
14/05/2020,70900,70600,71400,70400,-800,2268270
13/05/2020,72600,71400,73000,70900,-2100,3373310
12/5/2020,73300,73500,73900,72000,,1769100
11/5/2020,73500,73500,73900,70800,2600,2792640
8/5/2020,68000,70900,72300,67800,3300,3635800
7/5/2020,67500,67600,68000,66200,600,1474450
6/5/2020,63600,67000,67500,63400,3400,4286630
5/5/2020,64700,63600,65500,63400,-1300,2397120
4/5/2020,63600,64900,64900,63600,1300,1577040
29/04/2020,63600,63600,65000,63300,-1000,2701200
28/04/2020,67000,64600,68500,64500,100,3631100
27/04/2020,65500,64500,66900,64000,-500,1235530
24/04/2020,66600,65000,66800,64300,-1600,2147870
23/04/2020,67000,66600,67400,65600,1200,1093030
22/04/2020,65200,65400,68000,65200,-2600,1303590
21/04/2020,68000,68000,68300,66100,-500,1213590
20/04/2020,69400,68500,69400,68000,,512370
17/04/2020,67500,68500,69200,67500,1000,734070
16/04/2020,67600,67500,68200,66800,-300,670940
15/04/2020,68400,67800,69000,67500,-200,533620
14/04/2020,68000,68000,68900,66500,700,642490
13/04/2020,68000,67300,69500,67100,200,449470
10/4/2020,68500,67100,69200,67000,-1900,513310
9/4/2020,70000,69000,70900,68800,-1000,854470
8/4/2020,64500,70000,70000,64000,4000,950920
7/4/2020,65500,66000,66000,62100,4300,902670
6/4/2020,60000,61700,61700,58600,4000,534020
3/4/2020,56200,57700,57700,55200,2900,940470
1/4/2020,53200,54800,57300,53200,-200,553900
31/03/2020,55800,55000,57900,52000,-800,661010
30/03/2020,55800,55800,57000,55800,-4200,929820
27/03/2020,60000,60000,61400,58500,-1000,710770
26/03/2020,59100,61000,63000,57200,1900,2020820
25/03/2020,57000,59100,59100,54000,3800,1832290
24/03/2020,55400,55300,58400,55300,-4100,2036510
23/03/2020,60000,59400,62000,59400,-4400,198200
20/03/2020,68500,63800,68500,63800,-4700,1351550
19/03/2020,67300,68500,69300,65000,-1000,1482170
18/03/2020,69700,69500,70300,67500,-400,1707750
17/03/2020,67500,69900,71400,67500,-1900,1095460
16/03/2020,71000,71800,71800,67500,-200,968810
13/03/2020,67000,72000,72000,67000,,1337180
12/3/2020,75500,72000,75500,71200,-4500,1161120
11/3/2020,76500,76500,76800,71200,,932900
10/3/2020,71000,76500,76500,71000,1200,1050110
9/3/2020,78600,75300,78600,75300,-5600,973190
6/3/2020,80000,80900,80900,79000,-100,339740
5/3/2020,80100,81000,81500,80100,500,361110
4/3/2020,79100,80500,80500,78900,,901070
3/3/2020,80500,80500,81100,80200,,742520
2/3/2020,79100,80500,80600,79000,100,447980
28/02/2020,78500,80400,80400,78500,-400,860760
27/02/2020,79900,80800,81000,79000,-100,1280250
26/02/2020,83000,80900,83000,80300,-2200,651880
25/02/2020,82300,83100,83800,81000,-900,410300
24/02/2020,83300,84000,85100,83300,-2100,619380
21/02/2020,86500,86100,86900,86000,-800,184170
20/02/2020,86500,86900,87300,85900,900,271380
19/02/2020,85600,86000,86500,85200,,514110
18/02/2020,86600,86000,87000,85600,-700,323870
17/02/2020,88000,86700,88000,86500,-900,164600
14/02/2020,85500,87600,88600,85500,1600,481520
13/02/2020,86200,86000,86400,85500,-500,421050
12/2/2020,86700,86500,86700,86200,300,395320
11/2/2020,86000,86200,86400,85500,,602090
10/2/2020,86100,86200,86700,85800,-800,373600
7/2/2020,86900,87000,87800,86800,200,587610
6/2/2020,86800,86800,87000,86000,800,484420
5/2/2020,86800,86000,86800,85400,300,2410370
4/2/2020,85200,85700,86500,85000,500,829790
3/2/2020,83200,85200,85900,82000,-2300,755310
31/01/2020,87500,87500,88500,87100,100,1284370
30/01/2020,87200,87400,87800,85800,-2000,1414000
22/01/2020,87400,89400,89500,87300,1900,673070
21/01/2020,86000,87500,87500,86000,1500,653680
20/01/2020,86000,86000,86400,85700,,711830
17/01/2020,86200,86000,87900,86000,-100,552190
16/01/2020,86400,86100,86400,85900,-200,441860
15/01/2020,86500,86300,86500,85800,,420650
14/01/2020,86200,86300,86800,86100,,361600
13/01/2020,84800,86300,86800,84500,1800,882160
10/1/2020,83300,84500,84900,82700,1200,699780
9/1/2020,83400,83300,83700,82900,800,421250
8/1/2020,83000,82500,83500,81000,-1300,553690
7/1/2020,83000,83800,84800,83000,400,590360
6/1/2020,84600,83400,85000,82800,-1800,1025270
3/1/2020,84900,85200,85400,84600,300,394470
2/1/2020,84500,84900,85500,84500,100,238600
31/12/2019,85500,84800,85800,84500,-700,430660
30/12/2019,84400,85500,86600,84400,1000,896520
27/12/2019,84200,84500,84900,83400,300,519680
26/12/2019,83700,84200,84900,83200,500,426570
25/12/2019,83700,83700,84200,82800,,361820
24/12/2019,83300,83700,83800,81800,-100,838840
23/12/2019,85000,83800,85000,83600,-400,568720
20/12/2019,84000,84200,85600,84000,300,1525190
19/12/2019,83800,83900,85000,82500,,1047500
18/12/2019,84700,83900,85500,83000,-1600,1339840
17/12/2019,86100,85500,87000,84600,-600,859640
16/12/2019,87600,86100,88500,85600,-3000,1437780
13/12/2019,91200,89100,91400,89100,-2100,419210
12/12/2019,91100,91200,91200,90000,100,884980
11/12/2019,91300,91100,91500,89400,-400,645660
10/12/2019,92300,91500,92300,88000,-500,1548550
9/12/2019,92000,92000,93000,91500,,625460
6/12/2019,92000,92000,92200,91600,,2525080
5/12/2019,92800,92000,93500,91800,200,3418400
4/12/2019,91700,91800,92300,90600,,2450900
3/12/2019,91200,91800,92300,89500,-100,3357960
2/12/2019,92500,91900,93000,91400,,4407620
29/11/2019,91600,91900,92000,90800,300,2839310
28/11/2019,93000,91600,93000,91500,-1400,2598710
27/11/2019,93500,93000,93500,92800,-300,2135110
26/11/2019,94000,93300,94100,93300,100,3284780
25/11/2019,92500,93200,93900,91700,-300,2300820
22/11/2019,93500,93500,95900,90300,-1800,3791930
21/11/2019,96200,95300,96400,95100,-900,3202820
20/11/2019,97200,96200,97200,95200,-300,2010940
19/11/2019,96500,96500,98400,95900,200,2305620
18/11/2019,96500,96300,96800,95700,,1168830
15/11/2019,97200,96300,97400,96200,-100,1018490
14/11/2019,98300,96400,99300,96200,-700,1480640
13/11/2019,97800,97100,98200,96600,-700,1305680
12/11/2019,99000,97800,99400,97500,-900,1380830
11/11/2019,98400,98700,99700,97900,200,765160
8/11/2019,99500,98500,99900,98000,-1000,1233370
7/11/2019,99100,99500,102300,99100,100,2081650
6/11/2019,97400,99400,101000,97400,1500,1675310
5/11/2019,96000,97900,98500,95800,1900,1836960
4/11/2019,95700,96000,97500,94700,800,1124510
1/11/2019,89400,95200,95200,89200,6200,2594030
31/10/2019,88800,89000,89800,88700,200,1008560
30/10/2019,88000,88800,89100,87700,1200,737640
29/10/2019,87000,87600,88000,86900,1600,1014970
28/10/2019,86000,86000,86700,85500,,728480
25/10/2019,86000,86000,86200,85400,-100,681140
24/10/2019,85700,86100,86100,85200,200,543560
23/10/2019,86000,85900,86000,85000,-100,535550
22/10/2019,86500,86000,86800,85900,-500,350630
21/10/2019,87000,86500,87000,85600,-500,484630
18/10/2019,86500,87000,87300,86200,500,327740
17/10/2019,86300,86500,88000,85300,100,688380
16/10/2019,86400,86400,86400,85300,,630230
15/10/2019,87500,86400,87800,85800,-1500,643130
14/10/2019,88400,87900,88400,87500,-500,285650
11/10/2019,88600,88400,88600,88000,-100,450000
10/10/2019,88600,88500,88600,87600,,359140
9/10/2019,88600,88500,88800,88100,-100,293220
8/10/2019,89000,88600,89000,88100,-400,315010
7/10/2019,89000,89000,89000,88200,-200,481420
4/10/2019,89500,89200,89500,88400,-100,428530
3/10/2019,88500,89300,89300,88000,300,327140
2/10/2019,89200,89000,89300,88500,-200,462090
1/10/2019,89500,89200,89500,88700,-100,231930
30/09/2019,90000,89300,90000,88900,,491120
27/09/2019,88700,89300,89800,88300,600,384950
26/09/2019,89500,88700,89900,87500,-800,533860
25/09/2019,89100,89500,89900,88700,,227170
24/09/2019,89500,89500,89800,88900,,286560
23/09/2019,89600,89500,89900,88800,-100,267270
20/09/2019,90400,89600,90400,89500,-700,1032290
19/09/2019,90400,90300,90400,88300,-100,506070
18/09/2019,90300,90400,90500,89900,100,437190
17/09/2019,88500,90300,90500,88400,1800,921810
16/09/2019,87100,88500,88900,87100,500,563460
13/09/2019,87400,88000,88000,86100,1100,361780
12/9/2019,87400,86900,87400,86300,600,289830
11/9/2019,87500,86300,87800,85800,-1700,549770
10/9/2019,88400,88000,88500,87300,-400,317650
9/9/2019,88800,88400,88800,87900,-400,336920
6/9/2019,89000,88800,89000,88000,-200,243750
5/9/2019,89000,89000,89600,88600,,429760
4/9/2019,87700,89000,89200,87200,1400,862730
3/9/2019,87800,87600,87900,87200,-200,243420
30/08/2019,86800,87800,88000,86800,1000,436220
29/08/2019,86800,86800,87000,85300,,344570
28/08/2019,86000,86800,87500,86000,200,297410
27/08/2019,85900,86600,87900,85900,700,871250
26/08/2019,85000,85900,86200,85000,-1100,375290
23/08/2019,88000,87000,88000,87000,-900,582580
22/08/2019,87500,87900,87900,86800,600,380330
21/08/2019,86600,87300,88000,86400,600,548090
20/08/2019,84200,86700,86800,84200,2500,642320
19/08/2019,84000,84200,84300,83500,700,341980
16/08/2019,83600,83500,85200,83500,-500,589570
15/08/2019,82000,84000,84000,81000,1000,368870
14/08/2019,83500,83000,84400,83000,100,487320
13/08/2019,84000,82900,84000,82100,-1300,723240
12/8/2019,83400,84200,84300,83300,200,229140
9/8/2019,85000,84000,85000,83600,-500,352540
8/8/2019,84000,84500,85500,82700,1500,556040
7/8/2019,85000,84000,85300,83300,500,724520
6/8/2019,84500,83500,84700,82900,-1700,960830
5/8/2019,89000,85200,90000,85200,-5000,902620
2/8/2019,88600,90200,90200,88100,-300,627380
1/8/2019,89000,90500,90800,88000,2300,913610
31/07/2019,85000,88200,89200,85000,4200,991720
30/07/2019,89400,84000,89400,84000,-3800,987720
29/07/2019,87500,87800,88000,86800,300,423030
26/07/2019,87500,87500,87900,86600,,473900
25/07/2019,85800,87500,88900,85500,1700,1379690
24/07/2019,86000,85800,86700,85200,,542990
23/07/2019,84600,85800,86000,84300,1200,826210
22/07/2019,84500,84600,84600,83800,100,471720
19/07/2019,83000,84500,85300,83400,500,1028110
18/07/2019,83000,84000,84000,83000,,513470
17/07/2019,83900,84000,85500,83900,100,816530
16/07/2019,82000,83900,84000,82000,1900,833350
15/07/2019,83100,82000,83000,81300,-1100,713050
12/7/2019,83100,83100,83700,82400,,626820
11/7/2019,83700,83100,83900,83100,-300,392510
10/7/2019,83100,83400,83800,83100,300,321230
9/7/2019,83000,83100,83800,82500,100,579540
8/7/2019,85000,83000,85200,83000,-3000,666020
5/7/2019,84200,86000,86000,83500,1000,1234430
4/7/2019,82000,85000,85000,81900,3000,2075630
3/7/2019,80600,82000,82000,80100,900,1517660
2/7/2019,81000,81100,81200,80000,100,1087630
1/7/2019,79500,81000,81000,79300,1700,1090570
28/06/2019,76600,79300,79500,76500,1800,928700
27/06/2019,79000,77500,79000,77500,-1500,815110
26/06/2019,79300,79000,79600,78700,-500,1174210
25/06/2019,79800,79500,80100,79500,,866490
24/06/2019,78600,79500,80400,78600,1000,1452270
21/06/2019,78500,78500,79300,78500,100,3742200
20/06/2019,78400,78400,78900,78000,300,1561250
19/06/2019,78100,78100,78300,77800,100,729570
18/06/2019,77800,78000,78000,76300,,1640620
17/06/2019,79900,78000,79900,77600,-1900,458320
14/06/2019,78800,79900,79900,78600,-100,482820
13/06/2019,79500,80000,80000,76600,,2022580
12/6/2019,81500,80000,81500,79500,-1900,893930
11/6/2019,82000,81900,82000,81300,-100,375370
10/6/2019,83000,82000,83000,81400,-200,596360
7/6/2019,80500,82200,83000,79900,1900,572380
6/6/2019,80500,80300,80800,78900,-300,582690
5/6/2019,81200,80600,81500,80300,,452630
4/6/2019,80500,80600,81000,78900,,557890
3/6/2019,82000,80600,82000,79600,-1400,527220
31/05/2019,83200,82000,83200,81000,-600,720930
30/05/2019,83600,82600,83800,82500,-1000,930290
29/05/2019,84000,83600,84200,83400,100,921510
28/05/2019,84400,83500,84600,83500,-900,1436600
27/05/2019,84500,84400,84900,84400,-100,487560
24/05/2019,86700,84500,86700,84500,-2000,854870
23/05/2019,86600,86500,86600,86100,,377180
22/05/2019,86500,86500,87900,86200,-200,702510
21/05/2019,87900,86700,88100,86700,-100,1056700
20/05/2019,86500,86800,86800,85800,100,638340
17/05/2019,87000,86700,87000,86300,-300,791790
16/05/2019,86000,87000,87100,85700,1000,953330
15/05/2019,85200,86000,86500,85200,1000,1134300
14/05/2019,84000,85000,86000,84000,,1322520
13/05/2019,83800,85000,85200,83800,1000,691670
10/5/2019,85600,84000,86000,83800,-500,980260
9/5/2019,85000,84500,85600,83600,-1100,983320
8/5/2019,87000,85600,87300,85400,-2300,894240
7/5/2019,89800,87900,89800,87700,-1100,576290
6/5/2019,90000,89000,90000,88600,-1400,522550
3/5/2019,91800,90400,91800,90400,-1000,621150
2/5/2019,92000,91400,92300,90900,-600,452510
26/04/2019,90200,92000,92000,89900,1800,1070350
25/04/2019,89500,90200,90200,89400,500,680080
24/04/2019,89700,89700,90200,89700,700,629420
23/04/2019,89700,89000,90000,88900,-1000,494910
22/04/2019,89700,90000,90000,88600,1000,211620
19/04/2019,89000,89000,90400,89000,,258960
18/04/2019,89900,89000,90500,88100,-800,609680
17/04/2019,91000,89800,91900,89700,-1200,761350
16/04/2019,90000,91000,91900,87800,-2300,913790
12/4/2019,93400,93300,93600,92000,-200,299590
11/4/2019,92800,93500,93800,92200,1000,233360
10/4/2019,93800,92500,93800,92300,-1300,328400
9/4/2019,95000,93800,96000,93000,-800,973210
8/4/2019,93000,94600,94600,92700,2000,657320
5/4/2019,92500,92600,93200,92100,600,454260
4/4/2019,92000,92000,92800,91300,,489550
3/4/2019,92200,92000,92200,91100,-200,281350
2/4/2019,93400,92200,93700,92000,-200,359690
1/4/2019,92400,92400,93800,91800,900,334480
29/03/2019,94000,91500,94300,91500,-1600,1054060
28/03/2019,90300,93100,93300,90000,3000,894540
27/03/2019,91000,90100,91000,89900,200,389620
26/03/2019,90000,89900,90700,89500,900,617980
25/03/2019,89500,89000,89500,87500,-2100,793070
22/03/2019,89100,91100,91200,88000,2900,957080
21/03/2019,93000,88200,93000,88200,-4000,1009930
20/03/2019,93400,92200,93400,91000,-1800,1061950
19/03/2019,95000,94000,95200,93500,-300,1100900
18/03/2019,94000,94300,94900,94000,1000,1056390
15/03/2019,94000,93300,94000,92500,-700,2496760
14/03/2019,94300,94000,94600,92800,,708190
13/03/2019,92500,94000,96000,92500,1700,1654850
12/3/2019,91200,92300,92600,90900,2300,864570
11/3/2019,91000,90000,92300,90000,-1500,533740
8/3/2019,92000,91500,92900,91400,-500,699850
7/3/2019,92000,92000,95300,91900,200,1306970
6/3/2019,91000,91800,91900,90800,800,592410
5/3/2019,92200,91000,92900,90500,-2200,1152650
4/3/2019,92000,93200,93500,89600,2200,910620
1/3/2019,88500,91000,91400,87500,3500,806340
28/02/2019,92100,87500,92300,87500,-5200,1270190
27/02/2019,93000,92700,93300,91500,700,896260
26/02/2019,92000,92000,93000,90000,,1103360
25/02/2019,94500,92000,95100,91300,-1100,838040
22/02/2019,95000,93100,96500,92700,-3600,950950
21/02/2019,90500,96700,96700,89200,6300,1209870
20/02/2019,87000,90400,90800,87000,3400,815580
19/02/2019,82500,87000,87700,82500,5000,1244300
18/02/2019,81500,82000,82000,80800,800,607000
15/02/2019,82000,81200,82000,81100,-700,422250
14/02/2019,80400,81900,82600,80100,1900,971710
13/02/2019,80100,80000,80800,79300,,506510
12/2/2019,80400,80000,80400,79500,100,531210
11/2/2019,81000,79900,81000,79600,-100,353110
1/2/2019,80000,80000,80000,79600,,974540
31/01/2019,82000,80000,82000,79600,-2000,773010
30/01/2019,80400,82000,82000,80400,500,246940
29/01/2019,81500,81500,81500,80500,900,334250
28/01/2019,80000,80600,80600,77800,2600,284550
25/01/2019,78500,78000,78700,77500,-800,226260
24/01/2019,79600,78800,79600,78000,-800,176750
23/01/2019,79900,79600,80000,79000,,214610
22/01/2019,80600,79600,81000,79600,-900,285720
21/01/2019,81000,80500,81000,80000,,411510
18/01/2019,80400,80500,81100,79000,700,289350
17/01/2019,80900,79800,81200,79800,-500,214330
16/01/2019,79900,80300,82000,79100,400,327390
15/01/2019,77000,79900,79900,77000,2600,297510
14/01/2019,78000,77300,78000,76600,700,193920
11/1/2019,74900,76600,76600,74700,2000,241490
10/1/2019,74500,74600,74600,73500,400,108550
9/1/2019,74500,74200,74500,74000,,92720
8/1/2019,74000,74200,74200,73100,,205460
7/1/2019,74600,74200,74600,73300,200,186030
4/1/2019,72000,74000,74500,70900,800,277640
3/1/2019,72100,73200,73200,71500,-300,475210
2/1/2019,73700,73500,73700,72700,100,334420
28/12/2018,73800,73400,74500,73400,100,399190
27/12/2018,73900,73300,73900,72900,1300,304690
26/12/2018,73100,72000,73500,71400,-1500,547940
25/12/2018,73000,73500,74000,72300,-900,232270
24/12/2018,75000,74400,76000,74300,500,172180
21/12/2018,76800,73900,76800,73900,-3500,1469270
20/12/2018,76800,77400,77600,76800,-100,184090
19/12/2018,78000,77500,78000,76700,,217620
18/12/2018,76000,77500,78000,75500,,323660
17/12/2018,79800,77500,79900,76500,-2300,461140
14/12/2018,80300,79800,80300,79500,-500,97030
13/12/2018,80100,80300,81300,80100,,162470
12/12/2018,80300,80300,80400,79700,,204900
11/12/2018,81400,80300,81400,79900,300,141650
10/12/2018,79800,80000,80000,79000,,345240
7/12/2018,81400,80000,81400,80000,-1400,250620
6/12/2018,81000,81400,81900,80500,700,256140
5/12/2018,80000,80700,82500,80000,-1300,384670
4/12/2018,78000,82000,83000,78000,4300,700280
3/12/2018,78500,77700,78700,77700,-100,194530
30/11/2018,78700,77800,78900,76000,-900,593960
29/11/2018,78500,78700,78900,78400,400,473940
28/11/2018,78000,78300,78400,77500,,170200
27/11/2018,77500,78300,78600,77400,1300,399420
26/11/2018,76000,77000,77300,75500,900,301550
23/11/2018,77000,76100,77800,76100,-900,89640
22/11/2018,75500,77000,78000,75000,1200,504210
21/11/2018,75000,75800,75800,73200,800,451550
20/11/2018,72100,75000,75500,72100,2100,500750
19/11/2018,71500,72900,72900,69900,1700,323690
16/11/2018,74500,71200,74900,70500,-4300,788790
15/11/2018,74800,75500,75800,74500,-300,301910
14/11/2018,75800,75800,76000,75000,,284050
13/11/2018,73100,75800,76000,73100,-200,271790
12/11/2018,75400,76000,76200,75100,,274460
9/11/2018,74500,76000,76600,74000,1300,520370
8/11/2018,73400,74700,74700,73000,2000,481780
7/11/2018,72400,72700,72700,70800,700,298710
6/11/2018,73000,72000,73000,71000,,379000
5/11/2018,73000,72000,73800,71000,,758430
2/11/2018,70000,72000,73800,70000,3000,1170010
1/11/2018,65100,69000,70000,65100,2600,871070
31/10/2018,62300,66400,66400,62300,4300,1099060
30/10/2018,60100,62100,63000,60000,300,574230
29/10/2018,62500,61800,63600,61000,-3200,338080
26/10/2018,68500,65000,69000,63800,-3500,1004220
25/10/2018,68500,68500,70200,68000,-4000,479440
24/10/2018,73500,72500,74200,72500,-1600,233830
23/10/2018,73800,74100,74500,73400,-600,136760
22/10/2018,74800,74700,75500,74700,-100,252630
19/10/2018,74600,74800,76100,74000,-800,282610
18/10/2018,76400,75600,76800,75500,-800,146220
17/10/2018,76300,76400,77000,75000,1800,300010
16/10/2018,73100,74600,75100,73100,1500,349810
15/10/2018,77000,73100,77000,73000,-3900,505140
12/10/2018,76500,77000,79000,76000,500,666960
11/10/2018,77000,76500,80200,75100,-3600,736740
10/10/2018,81500,80100,81500,80000,100,378520
9/10/2018,81200,80000,82200,80000,,267080
8/10/2018,82500,80000,83000,80000,-1700,265800
5/10/2018,104000,102100,104000,102100,-500,304710
4/10/2018,104000,102600,104000,102600,600,331810
3/10/2018,104900,102000,104900,101900,-2000,467970
2/10/2018,104300,104000,105000,103800,900,534540
1/10/2018,106500,103100,107100,103100,-2900,523580
28/09/2018,105500,106000,106000,104600,2000,846730
27/09/2018,103000,104000,104500,103000,2100,525990
26/09/2018,102000,101900,102500,101900,-500,473580
25/09/2018,103000,102400,103400,101600,-500,472130
24/09/2018,101500,102900,103000,101500,1400,634680
21/09/2018,104600,101500,105100,101500,-3500,8102520
20/09/2018,105000,105000,105000,103900,400,336900
19/09/2018,105400,104600,105400,103000,,258160
18/09/2018,105500,104600,105500,104000,-900,207550
17/09/2018,105500,105500,106700,105400,,1287240
14/09/2018,105800,105500,106000,105300,400,591790
13/09/2018,104000,105100,105600,104000,1100,836910
12/9/2018,104800,104000,104800,103800,300,605640
11/9/2018,104000,103700,105000,103700,-900,483770
10/9/2018,105500,104600,105500,104600,-200,532950
7/9/2018,104000,104800,105000,104000,-200,459090
6/9/2018,106000,105000,106000,104600,-1000,287240
5/9/2018,105800,106000,106000,105100,1100,318560
4/9/2018,106900,104900,107700,104200,900,225530
31/08/2018,107400,104000,111200,104000,-3400,3027640
30/08/2018,108000,107400,108000,106500,-900,409540
29/08/2018,111000,108300,111000,108300,-2700,303590
28/08/2018,111500,111000,111500,110500,-500,817180
27/08/2018,111900,111500,111900,111300,,913670
24/08/2018,112200,111500,112900,111100,-400,1340480
23/08/2018,110000,111900,112100,110000,2000,1371780
22/08/2018,109900,109900,110800,109600,,415780
21/08/2018,108800,109900,110500,108800,1100,741280
20/08/2018,111400,108800,111400,108800,,575880
17/08/2018,114000,108800,114000,108800,1000,1125570
16/08/2018,107800,107800,107900,107100,,726220
15/08/2018,107800,107800,107900,107100,,436300
14/08/2018,107000,107800,108000,107000,300,406610
13/08/2018,108400,107500,108400,106900,600,1088420
10/8/2018,109000,106900,109000,106000,-1800,120470
9/8/2018,108000,108700,109000,108000,700,285670
8/8/2018,107500,108000,108800,107500,500,134310
7/8/2018,109000,107500,109000,107000,-1500,160500
6/8/2018,109000,109000,109100,108800,,182880
3/8/2018,109200,109000,109700,108500,200,398200
2/8/2018,109900,108800,109900,108600,200,265210
1/8/2018,110300,108600,110400,108500,-1700,320670
31/07/2018,112000,110300,112000,108800,-200,170450
30/07/2018,106000,110500,110500,105000,4600,324540
27/07/2018,106000,105900,106500,105000,-100,67370
26/07/2018,106500,106000,107800,106000,-500,205970
25/07/2018,107000,106500,107000,105400,,123900
24/07/2018,103000,106500,107700,103000,-1300,52950
23/07/2018,103000,107800,109500,103000,900,140470
20/07/2018,107000,106900,108000,106100,400,361710
19/07/2018,108000,106500,108000,106500,-900,359780
18/07/2018,110000,107400,110000,107000,1400,115930
17/07/2018,109000,106000,111000,106000,,410540
16/07/2018,110500,106000,110500,106000,-3300,93750
13/07/2018,107300,109300,111000,107300,-700,57420
12/7/2018,109700,110000,110800,108000,300,113470
11/7/2018,110000,109700,111000,108000,-1300,86370
10/7/2018,112700,111000,112800,108500,-1800,298180
9/7/2018,112500,112800,113400,112500,300,134390
6/7/2018,111500,112500,113900,111500,-1500,497040
5/7/2018,110800,114000,115000,110800,3200,1208630
4/7/2018,102100,110800,110800,102100,7200,1358170
3/7/2018,111300,103600,111300,103600,-7700,165430
2/7/2018,112500,111300,112500,110000,-1100,456190
29/06/2018,113000,112400,113000,108500,2400,321730
28/06/2018,110000,110000,113000,108000,,185920
27/06/2018,112500,110000,114100,110000,-5000,305740
26/06/2018,115500,115000,115500,114100,-500,112440
25/06/2018,114200,115500,115900,114200,1300,214260
22/06/2018,115000,114200,115000,114000,-800,83230
21/06/2018,115000,115000,115100,114000,,117280
20/06/2018,107100,115000,116000,107100,,613980
19/06/2018,116500,115000,116500,114700,-1500,770730
18/06/2018,116500,116500,118000,116000,,626280
15/06/2018,117700,116500,117700,116500,-500,213150
14/06/2018,118000,117000,118500,116300,-1000,624230
13/06/2018,118000,118000,118400,117600,,289590
12/6/2018,120000,118000,120000,117000,-2000,816310
11/6/2018,120800,120000,120800,119000,,425790
8/6/2018,120000,120000,120900,117500,,462940
7/6/2018,122000,120000,122000,111600,,1167210
6/6/2018,117500,120000,120900,117000,2000,712230
5/6/2018,117900,118000,119000,117000,100,1229890
4/6/2018,116000,117900,117900,115500,1400,1762630
1/6/2018,115100,116500,117500,114500,1400,814870
31/05/2018,117000,115100,117500,115100,-1900,1178690
30/05/2018,116000,117000,117000,113000,1000,2448260
29/05/2018,117000,116000,117200,113100,-1000,884320
28/05/2018,111000,117000,118000,111000,-500,2944740
25/05/2018,114800,117500,119900,114500,3000,1749720
24/05/2018,110800,114500,114800,110100,4200,1937240
23/05/2018,114500,110300,114500,110000,-7900,4839580
22/05/2018,118200,118200,118200,118200,7700,20
21/05/2018,110500,110500,110500,110500,,
18/05/2018,110500,110500,110500,110500,,
17/05/2018,110500,110500,110500,110500,18000,18000
